1		 TADEJ POGACAR 		UAE-TEAM-EMIRATES-XRG
2		 ISAAC DEL TORO 		UAE-TEAM-EMIRATES-XRG
3		 FELIX GROSSSCHARTNER 		UAE-TEAM-EMIRATES-XRG
4		 BRANDON MCNULTY 		UAE-TEAM-EMIRATES-XRG
5		 NILS POLITT 		UAE-TEAM-EMIRATES-XRG
6		 FLORIAN VERMEERSCH 		UAE-TEAM-EMIRATES-XRG
7		 TIM WELLENS 		UAE-TEAM-EMIRATES-XRG
8		 ADAM YATES 		UAE-TEAM-EMIRATES-XRG
11		 JONAS VINGEGAARD 		TEAM-VISMA-LEASE-A-BIKE
12		 EDOARDO AFFINI 		TEAM-VISMA-LEASE-A-BIKE
13		 BRUNO ARMIRAIL 		TEAM-VISMA-LEASE-A-BIKE
14		 VICTOR CAMPENAERTS 		TEAM-VISMA-LEASE-A-BIKE
15		 PER STRAND HAGENES 		TEAM-VISMA-LEASE-A-BIKE
16		 MATTEO JORGENSON 		TEAM-VISMA-LEASE-A-BIKE
17		 SEPP KUSS 		TEAM-VISMA-LEASE-A-BIKE
18		 DAVIDE PIGANZOLI 		TEAM-VISMA-LEASE-A-BIKE
21		 REMCO EVENEPOEL 		RED-BULL-BORA-HANSGROHE
22		 MATTIA CATTANEO 		RED-BULL-BORA-HANSGROHE
23		 NICO DENZ 		RED-BULL-BORA-HANSGROHE
24		 JAI HINDLEY 		RED-BULL-BORA-HANSGROHE
25		 FLORIAN LIPOWITZ 		RED-BULL-BORA-HANSGROHE
26		 JAN TRATNIK 		RED-BULL-BORA-HANSGROHE
27		 TIM VAN DIJKE 		RED-BULL-BORA-HANSGROHE
28		 MAXIM VAN GILS 		RED-BULL-BORA-HANSGROHE
31		 JUAN AYUSO 		LIDL-TREK
32		 DEREK JAMES GEE 		LIDL-TREK
33		 MADS PEDERSEN 		LIDL-TREK
34		 QUINN SIMMONS 		LIDL-TREK
35		 MATTIAS SKJELMOSE 		LIDL-TREK
36		 TOMS SKUJINS 		LIDL-TREK
37		 MATHIAS VACEK 		LIDL-TREK
38		 CARLOS VERONA 		LIDL-TREK
41		 RICHARD CARAPAZ 		EF-EDUCATION-EASYPOST
42		 KASPER ASGREEN 		EF-EDUCATION-EASYPOST
43		 ALEX BAUDIN 		EF-EDUCATION-EASYPOST
44		 BEN HEALY 		EF-EDUCATION-EASYPOST
45		 SEAN QUINN 		EF-EDUCATION-EASYPOST
46		 GEORG STEINHAUSER 		EF-EDUCATION-EASYPOST
47		 MICHAEL VALGREN 		EF-EDUCATION-EASYPOST
48		 MAX WALKER 		EF-EDUCATION-EASYPOST
51		 PAUL SEIXAS 		DECATHLON-CMA-CGM-TEAM
52		 TIESJ BENOOT 		DECATHLON-CMA-CGM-TEAM
53		 CEES BOL 		DECATHLON-CMA-CGM-TEAM
54		 DAAN HOOLE 		DECATHLON-CMA-CGM-TEAM
55		 OLAV KOOIJ 		DECATHLON-CMA-CGM-TEAM
56		 AURÉLIEN PARET PEINTRE 		DECATHLON-CMA-CGM-TEAM
57		 NICOLAS PRODHOMME 		DECATHLON-CMA-CGM-TEAM
58		 MATTHEW RICCITELLO 		DECATHLON-CMA-CGM-TEAM
61		 SERGIO HIGUITA 		XDS-ASTANA-TEAM
62		 DAVIDE BALLERINI 		XDS-ASTANA-TEAM
63		 AARON MURRAY GATE 		XDS-ASTANA-TEAM
64		 MAX KANTER 		XDS-ASTANA-TEAM
65		 HAROLD TEJADA 		XDS-ASTANA-TEAM
66		 MIKE TEUNISSEN 		XDS-ASTANA-TEAM
67		 SIMONE VELASCO 		XDS-ASTANA-TEAM
68		 NICOLYA VINOKUROV 		XDS-ASTANA-TEAM
71		 LENNY MARTINEZ 		BAHRAIN-VICTORIOUS
72		 PHIL BAUHAUS 		BAHRAIN-VICTORIOUS
73		 DAMIANO CARUSO 		BAHRAIN-VICTORIOUS
74		 KAMIL GRADEK 		BAHRAIN-VICTORIOUS
75		 MATEJ MOHORIC 		BAHRAIN-VICTORIOUS
76		 ROBERT STANNARD 		BAHRAIN-VICTORIOUS
77		 ANTONIO TIBERI 		BAHRAIN-VICTORIOUS
78		 VLAD VAN MECHELEN 		BAHRAIN-VICTORIOUS
81		 EGAN BERNAL 		NETCOMPANY-INEOS-CYCLING-TEAM
82		 THYMEN ARENSMAN 		NETCOMPANY-INEOS-CYCLING-TEAM
83		 TOBIAS FOSS 		NETCOMPANY-INEOS-CYCLING-TEAM
84		 FILIPPO GANNA 		NETCOMPANY-INEOS-CYCLING-TEAM
85		 DORIAN GODON 		NETCOMPANY-INEOS-CYCLING-TEAM
86		 MICHAL KWIATKOWSKI 		NETCOMPANY-INEOS-CYCLING-TEAM
87		 JOSHUA TARLING 		NETCOMPANY-INEOS-CYCLING-TEAM
88		 KÉVIN VAUQUELIN 		NETCOMPANY-INEOS-CYCLING-TEAM
91		 TIM MERLIER 		SOUDAL-QUICK-STEP
92		 PASCAL EENKHOORN 		SOUDAL-QUICK-STEP
93		 VALENTIN PARET PEINTRE 		SOUDAL-QUICK-STEP
94		 JASPER STUYVEN 		SOUDAL-QUICK-STEP
95		 DYLAN VAN BAARLE 		SOUDAL-QUICK-STEP
96		 BERT VAN LERBERGHE 		SOUDAL-QUICK-STEP
97		 ILAN VAN WILDER 		SOUDAL-QUICK-STEP
98		 LOUIS VERVAEKE 		SOUDAL-QUICK-STEP
101		 MATHIEU VAN DER POEL 		ALPECIN-PREMIER-TECH
102		 RAMSES DEBRUYNE 		ALPECIN-PREMIER-TECH
103		 SILVAN DILLIER 		ALPECIN-PREMIER-TECH
104		 TIM MARSMAN 		ALPECIN-PREMIER-TECH
105		 JASPER PHILIPSEN 		ALPECIN-PREMIER-TECH
106		 EDWARD PLANCKAERT 		ALPECIN-PREMIER-TECH
107		 JONAS RICKAERT 		ALPECIN-PREMIER-TECH
108		 EMIEL VERSTRYNGE 		ALPECIN-PREMIER-TECH
111		 BEN O'CONNOR 		TEAM-JAYCO-ALULA
112		 PASCAL ACKERMANN 		TEAM-JAYCO-ALULA
113		 LUKE DURBRIDGE 		TEAM-JAYCO-ALULA
114		 FELIX ENGELHARDT 		TEAM-JAYCO-ALULA
115		 MICHAEL MATTHEWS 		TEAM-JAYCO-ALULA
116		 KELLAND O’BRIEN 		TEAM-JAYCO-ALULA
117		 LUKE PLAPP 		TEAM-JAYCO-ALULA
118		 MAURO SCHMID 		TEAM-JAYCO-ALULA
121		 TOBIAS JOHANNESSEN 		UNO-X-MOBILITY
122		 JONAS ABRAHAMSEN 		UNO-X-MOBILITY
123		 ANTHON CHARMIG 		UNO-X-MOBILITY
124		 MAGNUS CORT NIELSEN 		UNO-X-MOBILITY
125		 ANDERS JOHANNESSEN 		UNO-X-MOBILITY
126		 ANDERS SKAARSETH 		UNO-X-MOBILITY
127		 TORSTEIN TRÆEN 		UNO-X-MOBILITY
128		 SOREN WAERENSKJOLD 		UNO-X-MOBILITY
131		 BINIAM GIRMAY 		NSN-CYCLING-TEAM
132		 LEWIS ASKEY 		NSN-CYCLING-TEAM
133		 GEORGE BENNETT 		NSN-CYCLING-TEAM
134		 MARCO FRIGO 		NSN-CYCLING-TEAM
135		 MATIS LOUVEL 		NSN-CYCLING-TEAM
136		 KRISTS NEILANDS 		NSN-CYCLING-TEAM
137		 JAKE STEWART 		NSN-CYCLING-TEAM
138		 TOM VAN ASBROECK 		NSN-CYCLING-TEAM
141		 CIAN UIJTDEBROEKS 		MOVISTAR-TEAM
142		 PABLO CASTRILLO 		MOVISTAR-TEAM
143		 JEFFERSON CEPEDA 		MOVISTAR-TEAM
144		 RAUL GARCIA 		MOVISTAR-TEAM
145		 MICHEL HEßMANN 		MOVISTAR-TEAM
146		 NELSON OLIVEIRA 		MOVISTAR-TEAM
147		 JAVIER ROMO 		MOVISTAR-TEAM
148		 EINER RUBIO 		MOVISTAR-TEAM
151		 ARNAUD DE LIE 		LOTTO-INTERMARCHE
152		 HUUB ARTZ 		LOTTO-INTERMARCHE
153		 JENNO BERCKMOES 		LOTTO-INTERMARCHE
154		 LARS CRAPS 		LOTTO-INTERMARCHE
155		 LIAM SLOCK 		LOTTO-INTERMARCHE
156		 LENNERT VAN EETVELT 		LOTTO-INTERMARCHE
157		 BAPTISTE VEISTROFFER 		LOTTO-INTERMARCHE
158		 GEORG ZIMMERMANN 		LOTTO-INTERMARCHE
161		 ION IZAGIRRE 		COFIDIS
162		 PIET ALLEGAERT 		COFIDIS
163		 ALEX ARANBURU 		COFIDIS
164		 JENTHE BIERMANS 		COFIDIS
165		 MILAN FRETIN 		COFIDIS
166		 ALEX KIRSCH 		COFIDIS
167		 HUGO PAGE 		COFIDIS
168		 BENJAMIN THOMAS 		COFIDIS
171		 TOM PIDCOCK 		PINARELLO-Q36-5-PRO-CYCLING-TEAM
172		 XABIER AZPARREN IRURZUN 		PINARELLO-Q36-5-PRO-CYCLING-TEAM
173		 CHRISTOPHER HARPER 		PINARELLO-Q36-5-PRO-CYCLING-TEAM
174		 QUINTEN HERMANS 		PINARELLO-Q36-5-PRO-CYCLING-TEAM
175		 DAMIEN CRAIG HOWSON 		PINARELLO-Q36-5-PRO-CYCLING-TEAM
176		 XANDRO MEURISSE 		PINARELLO-Q36-5-PRO-CYCLING-TEAM
177		 BRENT VAN MOER 		PINARELLO-Q36-5-PRO-CYCLING-TEAM
178		 FRED WRIGHT 		PINARELLO-Q36-5-PRO-CYCLING-TEAM
181		 ROMAIN GREGOIRE 		GROUPAMA-FDJ-UNITED
182		 CLÉMENT BERTHET 		GROUPAMA-FDJ-UNITED
183		 CLÉMENT BRAZ AFONSO 		GROUPAMA-FDJ-UNITED
184		 EWEN COSTIOU 		GROUPAMA-FDJ-UNITED
185		 LORENZO GERMANI 		GROUPAMA-FDJ-UNITED
186		 GUILLAUME MARTIN GUYONNET 		GROUPAMA-FDJ-UNITED
187		 QUENTIN PACHER 		GROUPAMA-FDJ-UNITED
188		 CLÉMENT RUSSO 		GROUPAMA-FDJ-UNITED
191		 JULIAN ALAPHILIPPE 		TUDOR-PRO-CYCLING-TEAM
192		 ARVID DE KLEIJN 		TUDOR-PRO-CYCLING-TEAM
193		 MARCO HALLER 		TUDOR-PRO-CYCLING-TEAM
194		 MARC HIRSCHI 		TUDOR-PRO-CYCLING-TEAM
195		 RICK PLUIMERS 		TUDOR-PRO-CYCLING-TEAM
196		 MICHAEL STORER 		TUDOR-PRO-CYCLING-TEAM
197		 MATTEO TRENTIN 		TUDOR-PRO-CYCLING-TEAM
198		 YANNIS VOISARD 		TUDOR-PRO-CYCLING-TEAM
201		 JORDAN JEGAT 		TOTALENERGIES
202		 NICOLAS BREUILLARD 		TOTALENERGIES
203		 JORIS DELBOVE 		TOTALENERGIES
204		 ALEXANDRE DELETTRE 		TOTALENERGIES
205		 THIBAULT GUERNALEC 		TOTALENERGIES
206		 MATHIS LE BERRE 		TOTALENERGIES
207		 ANTHONY TURGIS 		TOTALENERGIES
208		 MATTEO VERCHER 		TOTALENERGIES
211		 WARREN BARGUIL 		TEAM-PICNIC-POSTNL
212		 FRITS BIESTERBOS 		TEAM-PICNIC-POSTNL
213		 PAVEL BITTNER 		TEAM-PICNIC-POSTNL
214		 JOHN DEGENKOLB 		TEAM-PICNIC-POSTNL
215		 ROBBE DHONDT 		TEAM-PICNIC-POSTNL
216		 NIKLAS MÄRKL 		TEAM-PICNIC-POSTNL
217		 JULIUS VAN DEN BERG 		TEAM-PICNIC-POSTNL
218		 FRANK VAN DEN BROEK 		TEAM-PICNIC-POSTNL
221		 FERNANDO GAVIRIA 		CAJA-RURAL-SEGUROS-RGA
222		 ABEL BALDERSTONE 		CAJA-RURAL-SEGUROS-RGA
223		 SEBASTIAN BERWICK 		CAJA-RURAL-SEGUROS-RGA
224		 ALEX MOLENAAR 		CAJA-RURAL-SEGUROS-RGA
225		 JOEL NICOLAU 		CAJA-RURAL-SEGUROS-RGA
226		 STEFANO OLDANI 		CAJA-RURAL-SEGUROS-RGA
227		 JAKUB OTRUBA 		CAJA-RURAL-SEGUROS-RGA
228		 JOSE FELIX PARRA 		CAJA-RURAL-SEGUROS-RGA